{"cameraMode":{"drawMode":0,"name":"Shaded","section":"Shading Mode"},"sceneLighting":true,"audioPlay":false,"sceneViewState":{"m_AlwaysRefresh":false,"showFog":true,"showSkybox":true,"showFlares":true,"showImageEffects":true,"showParticleSystems":true,"showVisualEffectGraphs":true,"m_FxEnabled":true},"in2DMode":false,"pivot":{"x":-86.42779541015625,"y":12.299652099609375,"z":164.5565185546875},"rotation":{"x":0.16013719141483308,"y":0.48624297976493838,"z":-0.09116050601005554,"w":0.8541861176490784},"size":512.9078979492188,"orthographic":false}